<?xml version="1.0" encoding="UTF-8"?><idempiere Name="id.rekaestudigital.idempiere.rajaongkir" Version="1.0.1" idempiereVersion="" DataBaseVersion="" Description="data" Author="" AuthorEmail="support@idempierecloud.com" CreatedDate="2025-01-02 10:41:03.822" UpdatedDate="2025-01-02 12:07:41.683" PackOutVersion="100" UpdateDictionary="false" Client="0-SYSTEM-System" AD_Client_UU="11237b53-9592-4af1-b3c5-afd216514b5d">
    <RO_Courier type="table">
        <AD_Client_ID>0</AD_Client_ID>
        <AD_Org_ID>0</AD_Org_ID>
        <IsActive>Y</IsActive>
        <RO_Courier_UU>78a73a0b-117e-4f34-909d-fbbce17cfe07</RO_Courier_UU>
        <Value>indah</Value>
        <Name>INDAH CARGO</Name>
        <IsInternationalCourier>N</IsInternationalCourier>
        <IsWayBillCourier>N</IsWayBillCourier>
        <IsProCourier>Y</IsProCourier>
        <IsStarterCourier>N</IsStarterCourier>
    </RO_Courier>
    <RO_Courier type="table">
        <AD_Client_ID>0</AD_Client_ID>
        <AD_Org_ID>0</AD_Org_ID>
        <IsActive>Y</IsActive>
        <RO_Courier_UU>d9b59cb1-12ee-4cde-857a-2d325d622c1f</RO_Courier_UU>
        <Value>ncs</Value>
        <Name>NCS</Name>
        <IsInternationalCourier>N</IsInternationalCourier>
        <IsWayBillCourier>N</IsWayBillCourier>
        <IsProCourier>Y</IsProCourier>
        <IsStarterCourier>N</IsStarterCourier>
    </RO_Courier>
    <RO_Courier type="table">
        <AD_Client_ID>0</AD_Client_ID>
        <AD_Org_ID>0</AD_Org_ID>
        <IsActive>Y</IsActive>
        <RO_Courier_UU>79d1d29b-639c-4ef7-a427-1746cc8ff2a1</RO_Courier_UU>
        <Value>pahala</Value>
        <Name>PAHALA</Name>
        <IsInternationalCourier>N</IsInternationalCourier>
        <IsWayBillCourier>N</IsWayBillCourier>
        <IsProCourier>Y</IsProCourier>
        <IsStarterCourier>N</IsStarterCourier>
    </RO_Courier>
    <RO_Courier type="table">
        <AD_Client_ID>0</AD_Client_ID>
        <AD_Org_ID>0</AD_Org_ID>
        <IsActive>Y</IsActive>
        <RO_Courier_UU>cbb551b9-b997-45e8-9871-6e8afdd068bd</RO_Courier_UU>
        <Value>pandu</Value>
        <Name>PANDU</Name>
        <IsInternationalCourier>N</IsInternationalCourier>
        <IsWayBillCourier>N</IsWayBillCourier>
        <IsProCourier>Y</IsProCourier>
        <IsStarterCourier>N</IsStarterCourier>
    </RO_Courier>
    <RO_Courier type="table">
        <AD_Client_ID>0</AD_Client_ID>
        <AD_Org_ID>0</AD_Org_ID>
        <IsActive>Y</IsActive>
        <RO_Courier_UU>40ba7989-93e0-4c16-84b8-554a07fca564</RO_Courier_UU>
        <Value>rpx</Value>
        <Name>RPX</Name>
        <IsInternationalCourier>N</IsInternationalCourier>
        <IsWayBillCourier>N</IsWayBillCourier>
        <IsProCourier>Y</IsProCourier>
        <IsStarterCourier>N</IsStarterCourier>
    </RO_Courier>
    <RO_Courier type="table">
        <AD_Client_ID>0</AD_Client_ID>
        <AD_Org_ID>0</AD_Org_ID>
        <IsActive>Y</IsActive>
        <RO_Courier_UU>70e648e5-1420-4d8d-8f65-cb87a6884de2</RO_Courier_UU>
        <Value>tiki</Value>
        <Name>TIKI</Name>
        <IsInternationalCourier>N</IsInternationalCourier>
        <IsWayBillCourier>N</IsWayBillCourier>
        <IsProCourier>Y</IsProCourier>
        <IsStarterCourier>Y</IsStarterCourier>
    </RO_Courier>
    <RO_Courier type="table">
        <AD_Client_ID>0</AD_Client_ID>
        <AD_Org_ID>0</AD_Org_ID>
        <IsActive>Y</IsActive>
        <RO_Courier_UU>12773be1-8e9a-4028-98d1-d9fd4fe85d4d</RO_Courier_UU>
        <Value>jne</Value>
        <Name>JNE</Name>
        <IsInternationalCourier>N</IsInternationalCourier>
        <IsWayBillCourier>N</IsWayBillCourier>
        <IsProCourier>Y</IsProCourier>
        <IsStarterCourier>Y</IsStarterCourier>
    </RO_Courier>
    <RO_Courier type="table">
        <AD_Client_ID>0</AD_Client_ID>
        <AD_Org_ID>0</AD_Org_ID>
        <IsActive>Y</IsActive>
        <RO_Courier_UU>660f6d01-a04f-4c15-a23c-6841fe9e0479</RO_Courier_UU>
        <Value>wahana</Value>
        <Name>WAHANA</Name>
        <IsInternationalCourier>N</IsInternationalCourier>
        <IsWayBillCourier>Y</IsWayBillCourier>
        <IsProCourier>Y</IsProCourier>
        <IsStarterCourier>N</IsStarterCourier>
    </RO_Courier>
    <RO_Courier type="table">
        <AD_Client_ID>0</AD_Client_ID>
        <AD_Org_ID>0</AD_Org_ID>
        <IsActive>Y</IsActive>
        <RO_Courier_UU>54cc247e-9261-482d-a95f-164a8cf4ad46</RO_Courier_UU>
        <Value>jnt</Value>
        <Name>JNT</Name>
        <IsInternationalCourier>N</IsInternationalCourier>
        <IsWayBillCourier>Y</IsWayBillCourier>
        <IsProCourier>Y</IsProCourier>
        <IsStarterCourier>N</IsStarterCourier>
    </RO_Courier>
    <RO_Courier type="table">
        <AD_Client_ID>0</AD_Client_ID>
        <AD_Org_ID>0</AD_Org_ID>
        <IsActive>Y</IsActive>
        <RO_Courier_UU>f277d6e2-a5f7-459f-bd42-e564d814e918</RO_Courier_UU>
        <Value>sap</Value>
        <Name>SAP</Name>
        <IsInternationalCourier>N</IsInternationalCourier>
        <IsWayBillCourier>Y</IsWayBillCourier>
        <IsProCourier>Y</IsProCourier>
        <IsStarterCourier>N</IsStarterCourier>
    </RO_Courier>
    <RO_Courier type="table">
        <AD_Client_ID>0</AD_Client_ID>
        <AD_Org_ID>0</AD_Org_ID>
        <IsActive>Y</IsActive>
        <RO_Courier_UU>d8092daa-5121-4794-be6f-1bd5c52fac79</RO_Courier_UU>
        <Value>sicepat</Value>
        <Name>SICEPAT</Name>
        <IsInternationalCourier>N</IsInternationalCourier>
        <IsWayBillCourier>Y</IsWayBillCourier>
        <IsProCourier>Y</IsProCourier>
        <IsStarterCourier>N</IsStarterCourier>
    </RO_Courier>
    <RO_Courier type="table">
        <AD_Client_ID>0</AD_Client_ID>
        <AD_Org_ID>0</AD_Org_ID>
        <IsActive>Y</IsActive>
        <RO_Courier_UU>cae47a34-bffe-48c8-b8dc-2cf4a823cc7f</RO_Courier_UU>
        <Value>jet</Value>
        <Name>JET</Name>
        <IsInternationalCourier>N</IsInternationalCourier>
        <IsWayBillCourier>Y</IsWayBillCourier>
        <IsProCourier>Y</IsProCourier>
        <IsStarterCourier>N</IsStarterCourier>
    </RO_Courier>
    <RO_Courier type="table">
        <AD_Client_ID>0</AD_Client_ID>
        <AD_Org_ID>0</AD_Org_ID>
        <IsActive>Y</IsActive>
        <RO_Courier_UU>837c5a24-31ea-4a4f-b1f2-8b7ab95c2a2b</RO_Courier_UU>
        <Value>dse</Value>
        <Name>DSE</Name>
        <IsInternationalCourier>N</IsInternationalCourier>
        <IsWayBillCourier>Y</IsWayBillCourier>
        <IsProCourier>Y</IsProCourier>
        <IsStarterCourier>N</IsStarterCourier>
    </RO_Courier>
    <RO_Courier type="table">
        <AD_Client_ID>0</AD_Client_ID>
        <AD_Org_ID>0</AD_Org_ID>
        <IsActive>Y</IsActive>
        <RO_Courier_UU>5d5adbcb-7010-4f3f-bddd-76e3d0a60f64</RO_Courier_UU>
        <Value>first</Value>
        <Name>FIRST</Name>
        <IsInternationalCourier>N</IsInternationalCourier>
        <IsWayBillCourier>Y</IsWayBillCourier>
        <IsProCourier>Y</IsProCourier>
        <IsStarterCourier>N</IsStarterCourier>
    </RO_Courier>
    <RO_Courier type="table">
        <AD_Client_ID>0</AD_Client_ID>
        <AD_Org_ID>0</AD_Org_ID>
        <IsActive>Y</IsActive>
        <RO_Courier_UU>6cb22e9f-3450-43ba-a21d-10e714d6dafc</RO_Courier_UU>
        <Value>ninja</Value>
        <Name>NINJA EXPRESS</Name>
        <IsInternationalCourier>N</IsInternationalCourier>
        <IsWayBillCourier>Y</IsWayBillCourier>
        <IsProCourier>Y</IsProCourier>
        <IsStarterCourier>N</IsStarterCourier>
    </RO_Courier>
    <RO_Courier type="table">
        <AD_Client_ID>0</AD_Client_ID>
        <AD_Org_ID>0</AD_Org_ID>
        <IsActive>Y</IsActive>
        <RO_Courier_UU>abc3a443-85a5-44ba-baeb-21b8ba658018</RO_Courier_UU>
        <Value>lion</Value>
        <Name>LION PARCEL</Name>
        <IsInternationalCourier>N</IsInternationalCourier>
        <IsWayBillCourier>Y</IsWayBillCourier>
        <IsProCourier>Y</IsProCourier>
        <IsStarterCourier>N</IsStarterCourier>
    </RO_Courier>
    <RO_Courier type="table">
        <AD_Client_ID>0</AD_Client_ID>
        <AD_Org_ID>0</AD_Org_ID>
        <IsActive>Y</IsActive>
        <RO_Courier_UU>af807613-57dd-4643-89b7-f6e735375805</RO_Courier_UU>
        <Value>idl</Value>
        <Name>IDL</Name>
        <IsInternationalCourier>N</IsInternationalCourier>
        <IsWayBillCourier>Y</IsWayBillCourier>
        <IsProCourier>Y</IsProCourier>
        <IsStarterCourier>N</IsStarterCourier>
    </RO_Courier>
    <RO_Courier type="table">
        <AD_Client_ID>0</AD_Client_ID>
        <AD_Org_ID>0</AD_Org_ID>
        <IsActive>Y</IsActive>
        <RO_Courier_UU>e5954f9c-f29c-476d-8581-73e3ddc4ae76</RO_Courier_UU>
        <Value>rex</Value>
        <Name>REX</Name>
        <IsInternationalCourier>N</IsInternationalCourier>
        <IsWayBillCourier>Y</IsWayBillCourier>
        <IsProCourier>N</IsProCourier>
        <IsStarterCourier>N</IsStarterCourier>
    </RO_Courier>
    <RO_Courier type="table">
        <AD_Client_ID>0</AD_Client_ID>
        <AD_Org_ID>0</AD_Org_ID>
        <IsActive>Y</IsActive>
        <RO_Courier_UU>843636ce-8aa8-4ba3-9e61-00376bac350e</RO_Courier_UU>
        <Value>ide</Value>
        <Name>IDE</Name>
        <IsInternationalCourier>N</IsInternationalCourier>
        <IsWayBillCourier>Y</IsWayBillCourier>
        <IsProCourier>Y</IsProCourier>
        <IsStarterCourier>N</IsStarterCourier>
    </RO_Courier>
    <RO_Courier type="table">
        <AD_Client_ID>0</AD_Client_ID>
        <AD_Org_ID>0</AD_Org_ID>
        <IsActive>Y</IsActive>
        <RO_Courier_UU>845d18d9-7bb4-4f7f-a88b-c502827c4e81</RO_Courier_UU>
        <Value>sentral</Value>
        <Name>SENTRAL</Name>
        <IsInternationalCourier>N</IsInternationalCourier>
        <IsWayBillCourier>Y</IsWayBillCourier>
        <IsProCourier>Y</IsProCourier>
        <IsStarterCourier>N</IsStarterCourier>
    </RO_Courier>
    <RO_Courier type="table">
        <AD_Client_ID>0</AD_Client_ID>
        <AD_Org_ID>0</AD_Org_ID>
        <IsActive>Y</IsActive>
        <RO_Courier_UU>3d9ba3f3-1853-4062-bd9f-b10c12ddfeea</RO_Courier_UU>
        <Value>anteraja</Value>
        <Name>ANTERAJA</Name>
        <IsInternationalCourier>N</IsInternationalCourier>
        <IsWayBillCourier>Y</IsWayBillCourier>
        <IsProCourier>Y</IsProCourier>
        <IsStarterCourier>N</IsStarterCourier>
    </RO_Courier>
    <RO_Courier type="table">
        <AD_Client_ID>0</AD_Client_ID>
        <AD_Org_ID>0</AD_Org_ID>
        <IsActive>Y</IsActive>
        <RO_Courier_UU>a0520b56-d600-4b6c-ad12-4a45a9eb6fa0</RO_Courier_UU>
        <Value>jtl</Value>
        <Name>JTL</Name>
        <IsInternationalCourier>N</IsInternationalCourier>
        <IsWayBillCourier>Y</IsWayBillCourier>
        <IsProCourier>Y</IsProCourier>
        <IsStarterCourier>N</IsStarterCourier>
    </RO_Courier>
    <RO_Courier type="table">
        <AD_Client_ID>0</AD_Client_ID>
        <AD_Org_ID>0</AD_Org_ID>
        <IsActive>Y</IsActive>
        <RO_Courier_UU>617aea57-2371-40eb-bf36-54061a675cfc</RO_Courier_UU>
        <Value>star</Value>
        <Name>STAR</Name>
        <IsInternationalCourier>N</IsInternationalCourier>
        <IsWayBillCourier>Y</IsWayBillCourier>
        <IsProCourier>Y</IsProCourier>
        <IsStarterCourier>N</IsStarterCourier>
    </RO_Courier>
    <RO_Courier type="table">
        <AD_Client_ID>0</AD_Client_ID>
        <AD_Org_ID>0</AD_Org_ID>
        <IsActive>Y</IsActive>
        <RO_Courier_UU>9a35e567-8c75-413d-89fa-e9a7fbd7f3a1</RO_Courier_UU>
        <Value>pos</Value>
        <Name>POS</Name>
        <IsInternationalCourier>Y</IsInternationalCourier>
        <IsWayBillCourier>Y</IsWayBillCourier>
        <IsProCourier>Y</IsProCourier>
        <IsStarterCourier>Y</IsStarterCourier>
    </RO_Courier>
    <RO_Courier type="table">
        <AD_Client_ID>0</AD_Client_ID>
        <AD_Org_ID>0</AD_Org_ID>
        <IsActive>Y</IsActive>
        <RO_Courier_UU>4ecdb8b4-900a-49d3-8d1d-fa51abd130a5</RO_Courier_UU>
        <Value>slis</Value>
        <Name>SLIS</Name>
        <IsInternationalCourier>Y</IsInternationalCourier>
        <IsWayBillCourier>N</IsWayBillCourier>
        <IsProCourier>Y</IsProCourier>
        <IsStarterCourier>N</IsStarterCourier>
    </RO_Courier>
    <RO_Courier type="table">
        <AD_Client_ID>0</AD_Client_ID>
        <AD_Org_ID>0</AD_Org_ID>
        <IsActive>Y</IsActive>
        <RO_Courier_UU>bec8cab0-7d96-466a-ba06-844f2cb9db95</RO_Courier_UU>
        <Value>expedito</Value>
        <Name>EXPEDITO</Name>
        <IsInternationalCourier>Y</IsInternationalCourier>
        <IsWayBillCourier>N</IsWayBillCourier>
        <IsProCourier>N</IsProCourier>
        <IsStarterCourier>N</IsStarterCourier>
    </RO_Courier>
    <RO_Courier type="table">
        <AD_Client_ID>0</AD_Client_ID>
        <AD_Org_ID>0</AD_Org_ID>
        <IsActive>Y</IsActive>
        <RO_Courier_UU>d8660215-f1fb-4438-810c-680c3e0bffc8</RO_Courier_UU>
        <Value>ray</Value>
        <Name>RAY</Name>
        <IsInternationalCourier>Y</IsInternationalCourier>
        <IsWayBillCourier>N</IsWayBillCourier>
        <IsProCourier>N</IsProCourier>
        <IsStarterCourier>N</IsStarterCourier>
    </RO_Courier>
</idempiere>
